<?xml version='1.0' encoding='UTF-8' ?>
<timeLogEntries>
  <time id="2" path="/FERNANDEZ_DANIEL_PSP0/PSP0/Planning" start="@1569464472908" delta="121" comment="Started to do research" />
  <time id="3" path="/FERNANDEZ_DANIEL_PSP0/PSP0/Planning" start="@1569556667000" delta="79" comment="Starting to identify the problem and collecting necessary information" />
  <time id="4" path="/FERNANDEZ_DANIEL_PSP0/PSP0/Planning" start="@1569779354000" delta="148" comment="First two steps of the engineering method were worked and we are ready to search for creative solutions" />
  <time id="5" path="/FERNANDEZ_DANIEL_PSP0/PSP0/Planning" start="@1570069622416" delta="2" />
  <time id="6" path="/FERNANDEZ_DANIEL_PSP0/PSP0/Planning" start="@1570505178000" delta="71" comment="Getting the sprites" />
  <time id="7" path="/FERNANDEZ_DANIEL_PSP0/PSP0/Planning" start="@1570578468000" delta="91" comment="Continue with the sprites" />
  <time id="8" path="/FERNANDEZ_DANIEL_PSP0/PSP0/Planning" start="@1570729522000" delta="121" comment="Coding interface IGraph" />
  <time id="9" path="/FERNANDEZ_DANIEL_PSP0/PSP0/Planning" start="@1570761310779" delta="59" />
  <time id="10" path="/FERNANDEZ_DANIEL_PSP0/PSP0/Planning" start="@1570893737310" delta="174" comment="Investigating algorithms to travel graphs and contributing creative ideas" />
  <time id="11" path="/FERNANDEZ_DANIEL_PSP0/PSP0/Planning" start="@1570910891240" delta="74" comment="A creative idea has been yield" />
</timeLogEntries>
