<?xml version='1.0' encoding='UTF-8' ?>
<timeLogEntries>
  <time id="2" path="/FERNANDEZ_DANIEL_PSP0/PSP0/Planning" start="@1569464472908" delta="121" comment="Started to do research" />
  <time id="3" path="/FERNANDEZ_DANIEL_PSP0/PSP0/Planning" start="@1569556667000" delta="79" comment="Starting to identify the problem and collecting necessary information" />
  <time id="4" path="/FERNANDEZ_DANIEL_PSP0/PSP0/Planning" start="@1569779354000" delta="148" comment="First two steps of the engineering method were worked and we are ready to search for creative solutions" />
  <time id="5" path="/FERNANDEZ_DANIEL_PSP0/PSP0/Planning" start="@1570069622416" delta="2" />
  <time id="6" path="/FERNANDEZ_DANIEL_PSP0/PSP0/Planning" start="@1570505178000" delta="71" comment="Getting the sprites" />
  <time id="7" path="/FERNANDEZ_DANIEL_PSP0/PSP0/Planning" start="@1570578468000" delta="91" comment="Continue with the sprites" />
  <time id="8" path="/FERNANDEZ_DANIEL_PSP0/PSP0/Planning" start="@1570729522000" delta="121" comment="Coding interface IGraph" />
  <time id="9" path="/FERNANDEZ_DANIEL_PSP0/PSP0/Planning" start="@1570761310779" delta="59" />
  <time id="10" path="/FERNANDEZ_DANIEL_PSP0/PSP0/Planning" start="@1570893737000" delta="174" comment="Investigating algorithms to travel graphs and contributing creative ideas" />
  <time id="11" path="/FERNANDEZ_DANIEL_PSP0/PSP0/Planning" start="@1570910891240" delta="74" comment="A creative idea has been yield" />
  <time id="12" path="/FERNANDEZ_DANIEL_PSP0/PSP0/Planning" start="@1571001639000" delta="93" comment="Started to read about sinsgle source shortest path algorithms" />
  <time id="13" path="/FERNANDEZ_DANIEL_PSP0/PSP0/Planning" start="@1571066089255" delta="200" comment="We finished stating the creative ideas" />
  <time id="14" path="/FERNANDEZ_DANIEL_PSP0/PSP0/Planning" start="@1571195022213" delta="79" />
  <time id="15" path="/FERNANDEZ_DANIEL_PSP0/PSP0/Planning" start="@1571609526983" delta="52" />
  <time id="16" path="/FERNANDEZ_DANIEL_PSP0/PSP0/Planning" start="@1571619162331" delta="140" comment="Started to write the fourth step of the engineering method" />
  <time id="17" path="/FERNANDEZ_DANIEL_PSP0/PSP0/Planning" start="@1571879284132" delta="45" interrupt="2" comment="Improved the model to return elements instead of vertices" />
</timeLogEntries>
