<?xml version='1.0' encoding='UTF-8' ?>
<timeLogEntries>
  <time id="2" path="/FERNANDEZ_DANIEL_PSP0/PSP0/Planning" start="@1569464472908" delta="121" comment="Started to do research" />
  <time id="3" path="/FERNANDEZ_DANIEL_PSP0/PSP0/Planning" start="@1569556667000" delta="79" comment="Starting to identify the problem and collecting necessary information" />
  <time id="4" path="/FERNANDEZ_DANIEL_PSP0/PSP0/Planning" start="@1569779354000" delta="148" comment="First two steps of the engineering method were worked and we are ready to search for creative solutions" />
  <time id="5" path="/FERNANDEZ_DANIEL_PSP0/PSP0/Planning" start="@1570069622416" delta="2" />
  <time id="6" path="/FERNANDEZ_DANIEL_PSP0/PSP0/Planning" start="@1570505178000" delta="71" comment="Getting the sprites" />
  <time id="7" path="/FERNANDEZ_DANIEL_PSP0/PSP0/Planning" start="@1570578468000" delta="91" comment="Continue with the sprites" />
  <time id="8" path="/FERNANDEZ_DANIEL_PSP0/PSP0/Planning" start="@1570729522000" delta="121" comment="Coding interface IGraph" />
  <time id="9" path="/FERNANDEZ_DANIEL_PSP0/PSP0/Planning" start="@1570761310779" delta="59" />
  <time id="10" path="/FERNANDEZ_DANIEL_PSP0/PSP0/Planning" start="@1570893737000" delta="174" comment="Investigating algorithms to travel graphs and contributing creative ideas" />
  <time id="11" path="/FERNANDEZ_DANIEL_PSP0/PSP0/Planning" start="@1570910891240" delta="74" comment="A creative idea has been yield" />
  <time id="12" path="/FERNANDEZ_DANIEL_PSP0/PSP0/Planning" start="@1571001639000" delta="93" comment="Started to read about sinsgle source shortest path algorithms" />
  <time id="13" path="/FERNANDEZ_DANIEL_PSP0/PSP0/Planning" start="@1571066089255" delta="200" comment="We finished stating the creative ideas" />
  <time id="14" path="/FERNANDEZ_DANIEL_PSP0/PSP0/Planning" start="@1571195022213" delta="79" />
  <time id="15" path="/FERNANDEZ_DANIEL_PSP0/PSP0/Planning" start="@1571609526983" delta="52" />
  <time id="16" path="/FERNANDEZ_DANIEL_PSP0/PSP0/Planning" start="@1571619162331" delta="140" comment="Started to write the fourth step of the engineering method" />
  <time id="17" path="/FERNANDEZ_DANIEL_PSP0/PSP0/Planning" start="@1571879284132" delta="45" interrupt="2" comment="Improved the model to return elements instead of vertices" />
  <time id="18" path="/FERNANDEZ_DANIEL_PSP0/PSP0/Planning" start="@1571979997082" delta="25" comment="Step 4 of the engineering method partially complete" />
  <time id="19" path="/FERNANDEZ_DANIEL_PSP0/PSP0/Planning" start="@1572007161529" delta="48" />
  <time id="20" path="/FERNANDEZ_DANIEL_PSP0/PSP0/Code" start="@1572053926217" delta="168" comment="Map coordinates representing the vertices of the graph were listed." />
  <time id="21" path="/FERNANDEZ_DANIEL_PSP0/PSP0/Code" start="@1572063383874" delta="163" comment="Implementing the game, level and coordinate classes. The coordinates are already passed as vertices to the graph and linked by edges." />
  <time id="22" path="/FERNANDEZ_DANIEL_PSP0/PSP0/Code" start="@1572123198524" delta="69" comment="The coordinates are not the same in every OS" />
  <time id="23" path="/FERNANDEZ_DANIEL_PSP0/PSP0/Code" start="@1572156764881" delta="208" />
  <time id="24" path="/FERNANDEZ_DANIEL_PSP0/PSP0/Code" start="@1572188164704" delta="170" comment="All pacman movements work and the rest of the logic of game is pending" />
  <time id="25" path="/FERNANDEZ_DANIEL_PSP0/PSP0/Code" start="@1572628956000" delta="25" />
  <time id="26" path="/FERNANDEZ_DANIEL_PSP0/PSP0/Code" start="@1572656098499" delta="251" comment="Trying to make blinky capable of moving" />
  <time id="27" path="/FERNANDEZ_DANIEL_PSP0/PSP0/Code" start="@1572743793005" delta="256" comment="Ghosts are now able to move through the maze" />
  <time id="28" path="/FERNANDEZ_DANIEL_PSP0/PSP0/Code" start="@1572791408899" delta="158" interrupt="5" comment="Fixed the mess with the positioning of the points in the interface. There is a mysterious thread that throws an exception and is not detected in the stack trace." />
  <time id="29" path="/FERNANDEZ_DANIEL_PSP0/PSP0/Code" start="@1572834249103" delta="105" comment="All the ghosts know how to move in scatter and frightened" />
  <time id="30" path="/FERNANDEZ_DANIEL_PSP0/PSP0/Code" start="@1572910061004" delta="56" comment="Fixed frozen GUI but more problems arose" />
  <time id="31" path="/FERNANDEZ_DANIEL_PSP0/PSP0/Code" start="@1573093948719" delta="53" comment="Fixed problem with ghosts going through the walls" />
  <time id="32" path="/FERNANDEZ_DANIEL_PSP0/PSP0/Code" start="@1573176041102" delta="201" comment="Pacman death animation ready." />
  <time id="33" path="/FERNANDEZ_DANIEL_PSP0/PSP0/Code" start="@1573266059391" delta="144" comment="The speeds of the characters were changed to make the game easier and less likely to have a bug" />
  <time id="34" path="/FERNANDEZ_DANIEL_PSP0/PSP0/Code" start="@1573314050310" delta="239" comment="Targeting of the ghosts is acceptable" />
  <time id="35" path="/FERNANDEZ_DANIEL_PSP0/PSP0/Code" start="@1573355238758" delta="68" comment="Kruskal finished. Tests for kruskal and prim have been done too." />
  <time id="36" path="/FERNANDEZ_DANIEL_PSP0/PSP0/Code" start="@1573439724868" delta="195" comment="Shortened code by using lambda expresions. Added function that registers users when they achieve a high score." />
  <time id="37" path="/FERNANDEZ_DANIEL_PSP0/PSP0/Code" start="@1573503728122" delta="133" comment="Downloaded pdf with enginnering method and made the repository public." />
</timeLogEntries>
