<?xml version='1.0' encoding='UTF-8' ?>
<timeLogEntries>
  <time id="1" path="/Non Project/FinalProject/Planning" start="@1569558227032" delta="39" />
  <time id="2" path="/Non Project/FinalProject/Planning" start="@1570392487300" delta="139" />
  <time id="3" path="/Non Project/FinalProject/Planning" start="@1571021503101" delta="123" />
  <time id="4" path="/Non Project/FinalProject/Planning" start="@1571087184920" delta="172" />
  <time id="5" path="/Non Project/FinalProject/Planning" start="@1571100810584" delta="65" interrupt="81" />
  <time id="6" path="/Non Project/FinalProject/Planning" start="@1571969799957" delta="183" />
  <time id="7" path="/Non Project/FinalProject/Planning" start="@1572018851732" delta="24" />
  <time id="8" path="/Non Project/FinalProject/Planning" start="@1572035609373" delta="37" />
  <time id="9" path="/Non Project/FinalProject/Planning" start="@1572038853138" delta="157" />
  <time id="10" path="/Non Project/FinalProject/Design" start="@1572126637659" delta="72" />
  <time id="11" path="/Non Project/FinalProject/Design" start="@1572138388023" delta="46" />
  <time id="12" path="/Non Project/FinalProject/Design" start="@1572743955947" delta="52" />
</timeLogEntries>
